brandid;brandname
1;1TY-GINORI 1975 CANDLE
2;NH3-NAPAPIJRI
3;1VL-HAY
4;N58-MOSCHINO
5;FL6-WATERCULT
6;NM3-FALCOTTO
7;535-DOLCE & GABBANA
8;2EN-RECO
9;DP1-ROGER VIVIER
10;8H4-AMBUSH
11;22L-FACE TO FACE STYLE
12;2R7-RUSLAN BAGINSKIY
13;1DR-MINISTRY OF NAILS
14;2CK-SOFIE D'HOORE
15;1N2-CK
16;P28-TIMBERLAND
17;1UD-DIESEL
18;2ND-LEMAIRE
19;1LG-REVOLUTION
20;C86-SANTONI
21;2TU-TUCANO
22;1NZ-CROCS
23;X24-NARS
24;2K5-X-BIONIC
25;MT7-EDWIN
26;465-CK
27;2IV-REBECCA VALLANCE
28;2PV-ELIZABETH ARDEN
29;BD0-LANAPO
30;DS9-LIDO
31;32Q-THE M VENEZIA
32;1XN-CALVIN KLEIN
33;034-PURE CASHMERE
34;234-GUESS
35;1SE-MSGM
36;FM4-VARLEY
37;946-GLOBE TROTTER
38;1Z3-BOBBI BROWN
39;2TW-PIAGET
40;2QU-BLONDESISTER
41;1GQ-KHAITE
42;1E4-EMMEVI
43;890-BRIC'S
44;2LD-GM
45;BC9-ALEXANDER MCQUEEN
46;LQ4-OFF-WHITE
47;36F-OKKIA
48;2B0-RETROFETE
49;19K-PARLATI
50;459-LEVI'S
51;627-SEE BY CHLOE'
52;NN5-GALLUCCI
53;2PU-LANCASTER
54;C33-RAG & BONE
55;25M-DEAR FRANCES
56;NB7-GIVENCHY
57;CH1-TOMMY JEANS
58;2HJ-EUTERPE
59;1XM-UNDER ARMOUR
60;2QI-FRESHLY COSMETICS
61;12N-ALEXANDER MCQUEEN
62;2ZD-MAX&CO
63;204-TOD'S
64;1I1-BARRACUDA
65;22F-OSEREE
66;P55-N°21
67;E98-MOSCHINO
68;N80-MOON BOOT
69;LA6-PT TORINO
70;2PF-COSTUME NATIONAL
71;NF8-BOSS BY HUGO BOSS
72;2YJ-JET SET
73;1J4-MARCELLA CLUB GC
74;2YL-APPEAL SKIN
75;1IL-SUNNEI
76;MZ6-DSQUARED2
77;31V-DYNAMO
78;1AL-ISSEY MIYAKE
79;2T9-COISTEL BEAUTY
80;181-DOLCE & GABBANA
81;2D9-STUDIO NICHOLSON
82;2D8-SOFIE D'HOORE
83;200-BURBERRY
84;CX6-THE'LIOS
85;14D-DOLLY NOIRE
86;DX5-JEJIA
87;030-SEVENTY
88;2B1-TOTEME
89;BE6-F.A.M.T.
90;2QV-SOBEA
91;NE9-CROCS
92;BP4-ATTICO
93;517-TARTINE ET CHOCOLAT
94;A24-CHLOÉ
95;2UX-AUGUSTA
96;15X-PLAN C
97;2NZ-HELLY HANSEN SCI
98;2DN-FARM RIO
99;1O1-PREMIATA
100;18R-E. MARINELLA
101;1CL-HOUDINI
102;G65-CHIARA FERRAGNI
103;2OK-S+SWLAB
104;BT8-DKNY
105;33P-HELIOPHILIA
106;560-PORSCHE DESIGN
107;LC9-DIOR
108;120-AGENT PROVOCATEUR
109;1BU-DISCLAIMER
110;FM2-ADIDAS BY STELLA MCCARTNEY
111;A27-MONCLER
112;1O9-ILLY
113;L76-GIANNETTO PORTOFINO
114;NQ6-VISION OF SUPER
115;GA6-BOUGEOTTE
116;DP4-MAX MARA LEISURE
117;816-TOM FORD
118;2K9-POC
119;CB9-LOEWE
120;5P9-KAPPA SCI
121;M25-VIVIENNE WESTWOOD
122;1HH-PROGETTO SICILIA
123;CA5-CHRISTIAN LOUBOUTIN
124;2JY-NEWLAND
125;A32-MANEBI
126;36I-SEDDYS
127;2QO-MEDAVITA
128;26K-TEVA
129;126-CHANTELLE
130;A75-LA PERLA
131;4P5-WOOD WOOD
132;333-TIMBERLAND
133;1L3-HERSCHEL
134;11N-CANDLE & HOME FRAGRANCE
135;CZ6-DIANA GALLESI
136;X32-VERALAB
137;2NF-POC
138;1MZ-GOOVI
139;1II-CAGI
140;1ZF-ART DEALER
141;769-KARTELL
142;1PE-MIISTA
143;15N-CHOPARD
144;515-FRED PERRY
145;2YP-SANDRO FERRONE
146;36H-RAGBAG
147;1V4-PROENZA SCHOULER WHITE LABEL
148;1DP-JACQUEMUS
149;2Z6-FIORUCCI
150;011-ELIZABETH ASCOT
151;1HI-BENETTON
152;P37-SAVE THE DUCK
153;1BT-BOHEMIA COUTURE
154;28G-SPORTMAX
155;CE3-OFF-WHITE
156;34Y-PATCH HOLIC
157;652-GIANVITO ROSSI
158;HA4-SAVE THE DUCK
159;DU6-NALI'
160;A18-BALENCIAGA
161;BX3-MANILA GRACE
162;34X-GRACE DAY
163;16Q-BUZZ
164;N82-ADIDAS KID
165;CS7-PALM ANGELS
166;1TR-TRUSSARDI
167;34J-MAUI JIM
168;1SG-VALENTINO BEAUTY
169;X20-GUCCI
170;CN1-KHRISJOY
171;2D7-STEFANO MORTARI
172;319-VERSACE
173;1P4-ISOLE E VULCANI
174;2OQ-ACQUA DI PARMA
175;178-CALVIN KLEIN
176;2BV-UNTITLED ARTWORKS
177;12I-KHAITE
178;1QD-MOMONI'
179;2GO-DUNST
180;EJ7-JEWELLERY SHOWROOM
181;L48-RAINS
182;1N8-BIRKENSTOCK
183;C78-GIOIELLERIA CORDARO
184;915-CONVERSE
185;14E-THRASHER
186;796-STRATEGIA
187;X29-MAISON CHRISTIAN DIOR (MCD)
188;1K6-NORMA KAMALI
189;2FZ-TWIN SET ACTITUDE
190;1WV-LACOSTE
191;G06-SKINY
192;H92-TRUSSARDI
193;27X-SEA NY
194;2YE-PERFECT MOMENT
195;1SI-NIKE
196;DW3-L'AGENCE
197;1JE-THE RAGGED PRIEST
198;FL2-COPERNI
199;FI7-GANNI
200;H50-MOSCHINO
201;2G8-LA SPORTIVA
202;1N4-ASICS
203;22M-HAVE ONE
204;DN6-CELINE
205;1DW-PANERAI
206;NE5-TWIN SET
207;2SR-MARZULLO
208;2EI-PESCIOLINO ROSSO
209;CU7-FILA
210;C50-7 FOR ALL MANKIND
211;B33-TORY BURCH
212;AF9-ZANELLATO
213;B15-LAUREN
214;32N-MELISSA
215;107-TOMMY HILFIGER
216;2IP-HOKA OUTDOOR
217;1CJ-PROPAGANDA
218;2W3-SAINT SNEAKERS
219;2TH-MISSONI
220;2YW-HEY CUTIE!
221;G35-SWAROVSKI
222;2T8-BUFF
223;X26-CREED
224;L08-SANTONI
225;2S4-DANIELAPI
226;16V-KHRISJOY
227;11S-KITCHEN WOOD
228;1XX-KARHU
229;H48-OAKLEY
230;068-GUESS
231;1IG-HVISK
232;P18-GUCCI
233;L98-PHILIPP PLEIN
234;356-CP COMPANY
235;2NM-KUJTEN
236;2JI-NORRONA
237;D98-OBEY
238;P23-NEW BALANCE
239;33S-FLATLIST
240;491-POLO RALPH LAUREN
241;21D-TISSOT
242;30O-DANIELE AMATO
243;LA5-ALEA
244;N32-SUNDEK
245;HN0-UGG
246;24W-SIMON MILLER
247;2I8-LIVY
248;D27-ADIDAS
249;4M1-REPRESENT
250;2FX-LOEWE
251;M58-JOHN SMEDLEY
252;635-DOCKERS
253;1QF-OMEGA
254;933-NAVA
255;1VM-SELETTI
256;27D-COLLEGIUM
257;799-POLLINI
258;27T-TORINO FC
259;37V-ROSSELLA MIGLIACCIO
260;MQ3-PICTURE
261;25F-HEREU
262;2HX-PALMES TENNIS SOCIETY
263;2AZ-GOLDEN GOOSE
264;802-GIORGIO ARMANI
265;17U-MAISON MARGIELA
266;634-PS PAUL SMITH
267;1MD-PER TE
268;L60-TINTORIA MATTEI
269;DK7-ROTATE
270;7P6-SEASE
271;MB4-OFF-WHITE
272;1ML-TOMMY SHOES
273;CT7-AGOLDE
274;2KU-HAPPY SOCKS
275;2W6-SKIN1004
276;2EW-REUSCH
277;1YO-LOEWE
278;1NQ-VAGABOND
279;L05-MICHAEL KORS
280;1CD-LES PETITS BASICS
281;2N1-REEBOK NGG
282;2P6-VIKTOR&ROLF
283;182-FENDI
284;2KD-BLUMARINE
285;1PP-ANGELO VINTAGE
286;FN1-THEORY
287;1XL-LA SPORTIVA
288;1C9-FORET
289;35O-DISTRICT PEOPLE
290;20F-NOT AFTER TEN
291;2Y1-PINK SUGAR
292;11Y-CALVIN KLEIN
293;DQ7-IBLUES
294;Q09-HERSCHEL
295;1WX-PAUL SMITH PS
296;36N-SOCIETA DEL KARITE
297;HI1-ALBERTO FASCIANI
298;2GP-CORMIO
299;2I3-CAMPOMARZIO70
300;2PO-CHLOÉ
301;36E-MARNI
302;NN4-PEPE JEANS
303;2TX-NI-DO
304;C22-MARYAN MEHLHORN
305;1Q7-TEVA
306;2G6-VIVIENNE WESTWOOD
307;20E-LIU JO
308;141-PASSIONATA
309;23Z-SOTF
310;BU3-CALVIN KLEIN JEANS
311;448-BELSTAFF
312;11E-BATHROOM
313;C49-MOTHER
314;005-MAGLIERIA
315;MQ4-GUESS
316;2O5-DRUMOHR
317;1FU-REISS
318;2FM-ROBERTO COLLINA
319;2SS-MISSONI
320;H32-ARC'TERYX
321;2YD-FUSALP
322;1SK-GALLO
323;2OP-PANGAIA
324;2J7-REFORMATION
325;1O7-MESH
326;403-CALVIN KLEIN
327;2ZI-PENCE 1979
328;2Q5-ALKEMY
329;1VX-FEDERICO CINA
330;2EU-VISION OF SUPER
331;2YM-AMOUAGE
332;1YP-GIUSEPPE ZANOTTI
333;2VS-MM6
334;1P3-MANEBI
335;705-THE NORTH FACE
336;2E2-FEDORAMI
337;1V0-STELLA MCCARTNEY
338;N77-LA STUPENDERIA
339;1G2-RUE DES MILLE
340;1XQ-CRIME LONDON
341;2XQ-LES DEUX
342;2GJ-MAISON MARGIELA
343;FF9-P D PAOLA
344;11O-CHRISTMAS
345;2R6-BORSALINO
346;F28-PENNYBLACK
347;MH3-DEPARTMENT 5
348;HH0-BARRETT
349;2Q4-MOROCCANOIL
350;H56-SCHOTT
351;1Y7-ONITSUKA TIGER
352;2FT-SENSAI
353;1W7-VIA ROMA
354;1WD-HUNTER
355;1H5-PRF
356;21F-SPORTY&RICH
357;2Q7-111SKIN
358;2RQ-FILIPPO CATARZI
359;L45-AT.P.CO
360;N04-K-WAY
361;17M-RASPINI
362;10T-MERCHANDISING
363;095-PHILOSOPHY
364;1MG-IL TRENINO
365;HE2-FINAMORE
366;CE8-SIMON MILLER
367;2R9-BARBIERI
368;FN2-EQUIPMENT
369;067-ESPRIT COLLECTION
370;25H-ISOLA BELLA GIOIELLI
371;2P1-ISSEY MIYAKE
372;1IS-ALTEA
373;1NK-GEOX
374;2F2-INCOTEX BLUE DIVISION
375;1OM-MULAC
376;2ZX-IDENTITY
377;2CG-DO DO BAR OR
378;343-MASTAI FERRETTI
379;2GS-EYTYS
380;2QZ-HELENA RUBINSTEIN
381;33Y-NUDO
382;2XM-ANGELO
383;1MM-CALIDA
384;LH5-ENTRE AMIS
385;1SH-BETTINA VERMILLON
386;2LW-EVA KANT
387;2OH-FLER
388;308-CORNELIANI
389;1RV-SONTEN
390;30V-ALBERTO CIASCHINI
391;P30-SAUCONY
392;2AY-AHDIID
393;2IS-A.BSOLUMENT
394;2WM-ELIOS
395;1KW-ELIZABETH ASCOT
396;DG6-GCDS
397;FM5-KARL LAGERFELD
398;2C5-TUDOR
399;426-ZEGNA
400;E52-MARELLA
401;385-BURBERRY
402;2B3-DIESEL
403;2TD-COLLANINE COLORATE
404;953-DECO DESIGN
405;2AT-PAHIESA FORMENTERA
406;1VR-CINZIA ROCCA
407;2PP-ZADIG & VOLTAIRE
408;1XG-VANS
409;EA7-MOMONI'
410;29Q-TWINSET
411;DZ2-TOMMY HILFIGER 
412;2X3-BENARAS
413;458-LACOSTE
414;13O-ISABEL MARANT
415;1TM-MANILA GRACE
416;CX2-MOOSE KNUCKLES
417;2NU-SUNDAY RILEY
418;2O0-MAX MARA
419;11I-ELECTRO
420;330-SARTORIA ITALIANA
421;H84-HAVAIANAS
422;26G-ADIDAS YEEZY
423;GA0-CHLOÉ
424;N54-PETIT BATEAU
425;1RT-MICHAEL KORS
426;LD3-GH BASS
427;2P0-KENZO
428;2B6-AGUABENDITA
429;1UQ-GH BASS
430;490-EMPORIO ARMANI
431;2XV-SAVE THE DUCK PROTECH
432;1TI-NUDIE JEANS
433;M49-FRED PERRY
434;M69-MSGM
435;1VI-TRICKER'S
436;2SY-GENSAMI
437;32O-JIMMY FAIRLY
438;1XW-AX
439;D58-CARHARTT
440;1ZU-BE YOU
441;1VZ-FILSON
442;DS6-RABANNE
443;2BH-NOUS ANTWERP
444;1HO-PROMOFLOR
445;16X-ISABEL MARANT
446;B96-MC2 ST. BARTH
447;1L9-TOD'S
448;310-MICHAEL KORS
449;1EU-SPIRITS
450;26V-MSGM
451;AT2-ISABEL MARANT
452;B25-JIL SANDER
453;21G-BARBOUR WHITE LABEL
454;2LU-VELVET FORPHILOSOPHERS
455;2QF-DEPOT
456;A19-BOTTEGA VENETA
457;2YG-PEAK PERFORMANCE
458;2JV-COLMAR SKI
459;EM1-REEBOK
460;20D-PROSPERINE
461;10Z-LIGHTING
462;2A5-DNUD
463;1EO-TOTEME
464;28V-VINTAGE 65
465;374-VERSACE JEANS COUTURE
466;2HL-ENCRÉ
467;1RO-BARROW
468;23N-FALKE
469;2T6-CYBEX
470;2QG-THE ORDINARY
471;37I-MAISON MARGIELA
472;2K6-BRIKO
473;2VI-MORDECAI
474;1ZZ-RINASCENTE COLLECTION PINK LABEL
475;007-CARACTERE
476;2FD-GASSA D'AMANTE
477;1N7-CB FUSION
478;35Z-FEKKAI
479;2T4-HAIKURE
480;A33-V73
481;2HO-FREDERIC MALLE
482;LU4-TOMMY JEANS
483;19Z-VIBI VENEZIA
484;29T-LOIS JEANS
485;30N-KEEN
486;AS2-RAYBAN
487;1UF-VIC MATIE
488;BZ3-MARCHON
489;27N-HALSTON
490;879-LA MER
491;316-HUGO BOSS
492;2IT-ATLEIN
493;1KN-CAMPER LAB
494;2KS-IN THE BOX
495;P31-PUMA
496;445-TOMMY JEANS
497;2QE-JEU DES GARCONS
498;2H1-BILLABONG
499;2UN-ALOHAS
500;HH3-TRICKER'S
501;28R-DRUMOHR
502;055-ZADIG & VOLTAIRE
503;18H-FRED
504;1OJ-VERUS CONCESSION
505;144-SLOGGI
506;2SI-NICOLO' BERETTA
507;Q60-HORIZN
508;621-ACCESSORIES
509;2WD-PIANEGONDA
510;2J6-PHIILI
511;LQ9-IUTER
512;12D-DEMELLIER
513;1CT-FK
514;109-MICHAEL BY MICHAEL KORS
515;MB2-MARCELO BURLON
516;2R1-FACE D
517;2P7-NARCISO RODRIGUEZ
518;2II-DROPOUT
519;9H1-VERSACE JEANS COUTURE
520;2OV-BULGARI
521;CD5-GANNI
522;2DG-LAG WORLD
523;29P-RELAC
524;2AD-VIVIENNE WESTWOOD
525;HB5-CRUCIANI
526;2U8-AMABILE S.R.L.
527;623-MARNI
528;EC3-ALEXANDER MCQUEEN
529;571-PAUL SMITH
530;H66-MONTBLANC
531;1ZD-CIGALA'S
532;2N2-LEMAIRE
533;1X8-KENZO
534;C07-DELFINA
535;409-HUGO BOSS
536;002-AW
537;NF9-BARTS
538;11H-KITCHEN STORAGE
539;MK4-NEW ERA
540;26I-PREMIATA FASHION
541;1TU-ARIES
542;DS7-ACNE
543;2D2-CRYSTAL HAZE
544;M08-HUGO BOSS
545;2HW-FK
546;2V7-LA COQUE FRANCAISE
547;2MJ-JOHN ELLIOT
548;FG9-HUBER
549;1EV-VINI BIANCHI
550;11P-CUTLERY
551;202-CHLOÉ
552;2J4-CRUSH
553;1G3-GUESS
554;22O-SPORTY&RICH
555;1XI-REEBOK X MAISON MARGIELA
556;175-ALVIERO MARTINI
557;914-ARMANI
558;F45-STUART WEITZMAN
559;LQ5-MARCELO BURLON COUNTY OF MILAN
560;1NX-ALL STAR CONVERSE
561;21Q-LA MARTINA
562;2TO-ALPHA STUDIO
563;2SZ-GIVENCHY
564;091-PEPE JEANS
565;1I0-CUOIERIA FIORENTINA
566;1YU-DRUMOHR
567;2UZ-D'ACCORI
568;2CU-HAVAIANAS
569;375-FAY
570;NQ3-DIXIE 
571;18J-BREITLING
572;637-FERRAGAMO
573;2CN-CASABLANCA
574;22N-CARNE BOLLENTE
575;2SU-ARCURI
576;P92-CK
577;2K8-POLO RALPH LAUREN
578;453-IL GUFO
579;277-DIPTYQUE
580;1GY-LONGCHAMP
581;1XO-OFF WHITE
582;28L-LARDINI
583;365-MISAKY
584;2OY-BOSS
585;1MT-DE SIMONE
586;203-CHRISTIAN DIOR
587;DU8-ALIGHIERI
588;Q23-K-WAY
589;2OR-JO MALONE LONDON
590;2MT-RINASCENTE COLLECTION PINK LABEL
591;DP6-GOLDEN GOOSE
592;341-CAMICERIA
593;1NL-NEW BALANCE
594;408-OFFICINA SLOWEAR
595;549-ACCESSORI TESSILI BRAND
596;550-CRAVATTE BRAND
597;M29-ALTEA
598;MZ8-RAINS
599;14Y-TOM FORD
600;910-HI-FI
601;E08-ACCESSORI TESSILI ANNEX
602;B52-MM6 MAISON MARGIELA
603;2RH-THE HAT GANG
604;34D-JUST HAT
605;2EO-GIUSEPPE DI MORABITO
606;34Z-RUDY PROFUMI
607;582-ASPESI
608;L03-COMME DG HOMME PLUS
609;N71-KENZO
610;25Y-HIDE&JACK
611;2T1-LORO PIANA
612;2BS-GIARDINO D'AUTORE
613;2JZ-ROSSIGNOL
614;NM7-OSEREE
615;31H-CATARINA MINA
616;15G-AMIRI
617;DX8-ELEVENTY
618;M27-MOORER
619;M05-BORSALINO
620;BP3-GEDEBE
621;LG5-PS PAUL SMITH
622;5Q1-TELA GENOVA
623;1YH-HOKA
624;2W0-GAS BIJOUX
625;G61-TRUSSARDI
626;2OX-THIERRY MUGLER
627;11Q-GREEN
628;988-WEEK END BY MAX MARA
629;2ZO-TRESSE'
630;2JJ-SALEWA
631;2YF-BOGNER
632;2G9-ANDREADAMO
633;2Q9-MARIO BADESCU
634;HZ8-MOOSE KNUCKLES
635;22K-MARC O'POLO
636;BL1-ATP ATELIER
637;1R3-PENINSULA
638;CB1-PRADA
639;DD1-JACQUEMUS
640;1M8-SPRAYGROUND
641;28K-MAX MARA LEISURE
642;1QS-DHRUV KAPOOR
643;2RZ-BARTS
644;2CQ-VALSPORT
645;HG8-JOHN LOBB
646;2SK-HAIKURE
647;2EQ-OSOI
648;505-BRUMS
649;D99-HAPPY SOCKS
650;EA8-BLUEBELLA
651;31G-LADY DIVA
652;544-ACCESSORI TESSILI PRIVATE LABEL
653;2IK-RABANNE
654;B37-OPENING CEREMONY
655;2BQ-RADICA STUDIO
656;664-MARNI
657;2CE-MARNI X CARHARTT
658;F61-FRAME
659;DS3-PALM ANGELS
660;287-VALEXTRA
661;2A3-HALITE
662;2HN-ROBERTO COLLINA
663;2J5-ERIBÈ
664;2O7-SOEUR
665;2I6-TRAMONTANO
666;14W-DECOR ACCESSORIES
667;1HX-RE/DONE
668;1TE-DOLOMITE
669;2N4-OUR LEGACY
670;1CQ-MARKET
671;2Y5-KAPPA SCI
672;2YI-HOUDINI
673;ND6-BANANA MOON
674;815-CULT FRAGRANCES
675;E51-LOEWE
676;MV2-BRIGLIA
677;2GY-BARTS
678;1P6-MANEBI
679;P69-COLMAR
680;26W-PLAY CONVERSE
681;2KL-BURLINGTON
682;629-GIVENCHY
683;278-BYREDO
684;2K2-ACBC
685;C25-LUNA DI SETA
686;2M8-MC2 SAINT BARTH
687;P75-NORTH SAILS
688;L21-HANRO
689;F48-BARBOUR
690;1JI-STELLA NOVA
691;1VS-BRODIE CASHMERE
692;2CD-ALESSANDRO VIGILANTE
693;2NE-COTOPAXI
694;018-CLAUDIE PIERLOT
695;1U2-TATER TOTS
696;H55-ELEVENTY
697;C80-PIERRE MANTOUX
698;C85-MOU
699;12O-CHANEL
700;20N-CARNE BOLLENTE
701;H22-UNDER ARMOUR
702;DC6-NANUSHKA
703;HH2-ANDREA VENTURA FIRENZE
704;20Z-BOTTER
705;BD9-MAX MARA
706;CE1-OSEREE
707;DL9-ROSANTICA
708;931-LISTA NOZZE
709;1MS-TEN WAYS TO BE
710;1Z0-PASSION BLANCHE
711;22R-HOUSE OF SUNNY
712;106-LUISA VIOLA
713;E75-URBANCODE
714;2YK-ARC'TERYX
715;G32-CELINE
716;1VW-SHAFT
717;HL8-CASTANER
718;26D-CDG X SALOMON
719;589-FAY
720;2JS-X-BIONIC
721;NN2-VEJA
722;P20-STORY LORIS
723;2XE-FIORUCCI
724;21E-HAMILTON
725;15V-ANNEX GADGET
726;2C7-MY BEACHY SIDE
727;Q57-SMARTECH
728;2U3-GIRELLI BRUNI
729;242-MONCLER
730;5P7-COLMAR SCI
731;2H4-FILSON
732;CM3-PREMIATA
733;7H5-VISION OF SUPER
734;2EZ-ROSATO
735;21Y-BARENA
736;2QM-LUCE BEAUTY
737;1LR-MONTURA
738;2UP-PENCE
739;2BP-MABASH
740;MM8-HUF
741;466-CHLOÉ
742;HF2-DIEMME
743;30M-SKIMS
744;1DT-PLUMES
745;2RD-BETTINI
746;1LY-JW ANDERSON
747;M01-COLMAR
748;2PY-CHRISTOPHE ROBIN
749;2A4-GIURO
750;C66-SAINT LAURENT
751;CA1-MARCOLIN
752;H59-TOMMY HILFIGER
753;DK1-GANNI
754;492-BURBERRY
755;DN9-PARIS TEXAS
756;1ME-LITTLE BEAR
757;2QN-POMELO
758;2I1-GALLIA
759;LH9-EMPORIO ARMANI
760;2AJ-LOLO BALLERINA
761;N48-COLORS OF CALIFORNIA
762;MA7-HUGO BOSS
763;124-CALVIN KLEIN
764;417-WOOLRICH
765;2D6-MC2 ST. BARTH
766;P74-WOOLRICH
767;25L-ERCUIS&RAYNAUD
768;2AG-LE ORSINE
769;28F-CAMPER LAB
770;1BZ-IOEF
771;2C2-CHIARA FERRAGNI
772;783-MOLESKINE
773;C83-OROBLU
774;D38-NUDIE JEANS
775;1NU-TOMMY HILFIGER
776;1ZH-MIRA MIKATI
777;FZ1-NIU
778;27Z-VIVIENNE WESTWOOD
779;636-LANVIN
780;633-PAUL SMITH
781;15O-DAMIANI
782;1T6-ADIDAS TERREX
783;1HV-OFF-WHITE
784;6H2-HERITAGE
785;2TJ-VERSACE
786;2AQ-BAOBAB
787;HD0-BALENCIAGA
788;895-RONCATO
789;DT5-BALENCIAGA
790;NM2-BALMAIN
791;2ST-CASABLANCA
792;30R-CALA
793;4N8-BRAVA FABRICS
794;H78-ZEYBRA
795;2SN-SOMETHING
796;M73-CLOSED
797;1V1-ETRO
798;1RK-ADIDAS YEEZY
799;DR3-LIU JO
800;FD9-ATELIER VM
801;070-ESPRIT CASUAL
802;1W6-MARA BINI
803;S07-MISSONI HOME
804;1PX-BALMAIN
805;2WX-MEFUI
806;1MO-YMC
807;D75-COLMAR
808;1PL-SUPERGA
809;2RG-LEONTINE VINTAGE
810;LM4-CAMPER
811;MB3-SUNNEI
812;2O1-PARISIENNE ET ALORS
813;B67-MSGM
814;DJ3-THE JACKSONS
815;CC3-ASPESI
816;18O-BLISS
817;2IQ-SIRIVANNAVARI
818;B49-MMMARGIELA
819;2WV-SLOWTIDE
820;34L-OLIVELLA
821;1M9-THE MARC JACOBS
822;DR6-RINASCENTE COLLECTION
823;HF8-PARABOOT
824;2EH-ZIMMERMANN
825;2GX-COLLEGE
826;137-LISANZA
827;CD4-ZIMMERMANN
828;HZ0-CRUNA
829;1Z9-HAPPY SHEEP
830;4P1-MANEBI
831;2GW-VELASCA
832;2QK-ETEREA
833;1OH-NAILMATIC
834;2RU-NEW ERA
835;1J5-ACBC
836;1XT-Y-3
837;L19-AMARANTO
838;2CJ-LA REVECHE
839;1QG-IWC
840;S84-LIVING ROOM
841;2PK-TIFFANY
842;AB3-NINEMINUTES
843;H05-WRANGLER
844;2V0-JW PEI
845;HP1-MOMA
846;558-CATYA
847;223-DKNY
848;2X2-PESCIOLINO ROSSO
849;AS6-MARSELL
850;HL7-RIVIERAS
851;MN6-GOORIN BROS
852;HS4-DR MARTENS
853;306-CK SHIRTS
854;1QN-FEDERICO CINA
855;25R-JUICY COUTURE
856;DZ1-TOMMY HILFIGER
857;B13-PALADINI
858;2P9-RABANNE
859;29H-DEL CORE
860;2LQ-FRIDA
861;L81-DSQUARED2
862;2NN-ARTKNIT STUDIOS
863;2MD-GALLO
864;24E-E. MARINELLA
865;2BZ-JAYCI
866;11F-BEDROOM
867;919-PAPER AND NOTES
868;1XF-PREMIATA
869;E85-BIKINI LOVERS
870;M45-TOMMY HILFIGER TAILORED
871;NA2-PEUTEREY
872;401-NAPAPIJRI
873;1WO-SEBAGO
874;2VV-SAINT SNEAKERS
875;2RO-RAT HAT
876;27J-CRAS
877;212-VALENTINO
878;2Q2-FOREO
879;NF1-FENDI
880;2KZ-RED
881;214-LONGCHAMP
882;135-LA PERLA
883;MF2-COLUMBIA
884;H69-VERSACE
885;543-CRAVATTE PRIVATE
886;16F-NANUSHKA
887;1WM-THE GREAT
888;Q47-BOBBY XD DESIGN
889;L68-OUR LEGACY
890;B88-GIVENCHY
891;N51-MELISSA
892;LB5-DSQUARED2
893;LB2-DELSIENA
894;1YN-ACNE
895;G66-PROENZA SCHOULER
896;MT5-GCDS
897;G62-ANCIENT GREEK SANDALS
898;MU2-NEW ERA
899;1DS-VISOLOGIQ
900;NA3-AI RIDERS
901;1L5-ACNE
902;12E-ELLEME
903;9H5-GCDS
904;C55-ADRIANO GOLDSCHMIED
905;1QW-LINEA DARIA
906;2SD-GUESS ORIGINALS
907;2P8-PRADA
908;268-LAUREN
909;CP2-JACQUEMUS
910;2NW-CRASH BAGGAGE
911;B32-MARNI
912;FA9-MEDEA
913;ME2-OCTOPUS
914;AH1-CITIZENS OF HUMANITY
915;1J8-BURBERRY
916;EC7-FLATTERED
917;34F-YOUGLAM
918;1OK-DJI
919;230-GUCCI
920;2TG-RICHMOND X
921;393-TOMMY HILFIGER SPORTSWEAR
922;16S-ACNE
923;1Z8-COLVILLE
924;D37-ROY ROGER'S
925;2KG-LAURA URBINATI
926;2SO-LYFTA SKINTAPE
927;1T4-SEBAGO
928;425-GALLO
929;33J-AUBADE
930;H47-VILEBREQUIN
931;M34-VERSACE
932;2XK-FIORUCCI
933;DR4-PATRIZIA PEPE
934;L04-EMPORIO ARMANI
935;LR2-ARMANI EXCHANGE
936;2W5-DAPHINE
937;2KO-PEROFIL
938;2HG-032C
939;35X-SONOS
940;860-MAC
941;2S7-DODO
942;ML7-ALEXANDER MCQUEEN
943;2K1-CAMPER
944;Q37-VITRA
945;2XZ-FOLDAWAY BY SENZ
946;15E-PHOBIA
947;FX3-PAUL SMITH
948;11W-SKIRA
949;1Q3-ROSSIGNOL SCI
950;001-DESIGUAL
951;17D-MARGIELA
952;2WU-VISION OF SUPER
953;H42-EMPORIO ARMANI
954;CX7-XACUS
955;1QH-LONGINES
956;033-GUCCI
957;B91-G.A. PALADINI
958;2QQ-OLAPLEX
959;10W-TABLEWARE
960;NF2-CHIARA FERRAGNI COLLECTION
961;2L4-HERNO
962;1N3-UGG
963;2J2-ROSE CARMINE
964;2MM-LUCA LARENZA
965;30W-HEY DUDE
966;EA4-BY FAR
967;31D-REPLAY SARTORIALE
968;273-HOGAN
969;P61-BLUNDSTONE
970;2KR-TOMMY HILFIGER
971;12G-AREA
972;2PR-HERMÈS
973;H08-ADIDAS PERFORMANCE
974;2XR-DEVORE'
975;1WY-ON
976;2QY-JANEKE
977;884-CHANEL
978;ED7-COPERNI
979;12Z-CLE DE PEAU BEAUTE
980;115-REPLAY
981;435-ORCIANI
982;ME1-ALPHA INDUSTRIES
983;11U-MARNI MARKET
984;2NG-LA BOUCLE
985;1W9-JEFFREY CAMPBELL
986;C09-MANTOUX
987;MQ7-SPORT
988;023-NCLT MILANO
989;1P1-EVARAE
990;398-BOGLIOLI
991;2MS-AFTERLABEL
992;2ZZ-EMILIO PUCCI
993;499-GUESS
994;1X9-PUMA
995;29Z-RECYCLERIE
996;33E-SAIDE MILANO
997;34O-GIORGIO ARMANI
998;050-TOMMY
999;6Q4-SOULLAND
1000;1W8-STEVE MADDEN
1001;38F-MOLESKINE
1002;NL4-SARABANDA
1003;353-STONE ISLAND
1004;G64-PESERICO
1005;M03-LUIGI BORRELLI
1006;13L-HOKA ONE ONE
1007;2U7-LAVIKA
1008;EK2-LA VIE EN ROSE
1009;2MV-FABIO RUSCONI
1010;1BQ-LISA KING
1011;S83-TEXTILE TABLETOP
1012;2HM-PURPLE
1013;1PK-BARROW
1014;201-FERRAGAMO
1015;MS1-OBEY
1016;1QV-TRECCANI
1017;10Y-OBJECTS & CURIOSITY
1018;2C0-GIMAGUAS
1019;BU7-ARMANI EXCHANGE
1020;2WE-SUNNEI
1021;1RM-TOMMY SWIMWEAR KIDS
1022;H00-SANTONI
1023;2MR-VITELLI
1024;GZ1-BURBERRY
1025;HM4-SPERRY TOP SIDER
1026;6P6-PALM ANGELS
1027;671-LIU JO
1028;2VQ-JW ANDERSON
1029;EK3-CHERI
1030;DG9-CALCATERRA
1031;193-BOTTEGA VENETA
1032;1B7-NOON MILAN
1033;1VV-CAPOBIANCO
1034;24J-EMANUELA CARUSO
1035;CL2-ARMANI EXCHANGE
1036;18S-ELEVENTY
1037;2UJ-MM6 MAISON MARGIELA
1038;2VW-DANAMÉ
1039;MT1-CATERPILLAR
1040;30I-ESUI
1041;26Y-CROCS
1042;891-DELSEY
1043;2B5-FARM RIO
1044;34I-PURA UTZ
1045;28U-AMI PARIS
1046;2UV-DROGHERIA CRIVELLINI
1047;1ER-BOLLICINE
1048;22Q-MUSIER
1049;D33-SCOTCH & SODA
1050;877-GUESS
1051;5Q0-RH+ SCI
1052;2VL-SILVIA GNECCHI
1053;2OF-BEEMEA
1054;883-PEUTEREY
1055;932-FILOFAX
1056;744-FRETTE
1057;25K-CAREL
1058;912-HAVAIANAS
1059;15U-LE LABO
1060;Q34-RIMOWA
1061;2ED-LELLI KELLY
1062;DS4-BA&SH
1063;BG5-LUXOTTICA
1064;2QX-MANUCURIST
1065;812-GIVENCHY
1066;2OU-CALVIN KLEIN
1067;010-E. MIRO'
1068;1VK-PANGAIA
1069;2O2-FROM FUTURE
1070;F72-PAUL ANDREW
1071;1K7-SIVIGLIA
1072;1QQ-HYDROGEN
1073;2DD-SLOWEAR
1074;ND1-BOBO CHOSES
1075;22W-TOPOLOGIE
1076;BS2-FRATELLI ROSSETTI
1077;MP1-KANGOL
1078;004-TWIN SET
1079;1N5-VOILE BLANCHE
1080;36L-DARLING
1081;10U-WINE TASTING
1082;34T-HUGO BLUE
1083;411-JULIPET
1084;2FG-MANEBI
1085;2SH-LE BONNET
1086;D55-K-WAY
1087;2Z8-DIANE VON FURSTENBERG
1088;23Y-LEICA
1089;H97-HUGO
1090;1X4-NEW BALANCE
1091;1C8-USUAL
1092;2OO-JIL SANDER
1093;525-GIOCATTOLI
1094;HL5-FRATELLI ROSSETTI
1095;180-COCCINELLE
1096;1BE-VOODOO JEWELS
1097;DW6-STAND
1098;2TM-AMISH
1099;H45-PAUL SMITH
1100;CB5-YVES SAINT LAURENT
1101;1X3-DIADORA
1102;19P-NABLA COSMETICS
1103;22Y-FRAGRANS IN FABULA
1104;33O-GIOIELLERIA VINTAGE
1105;2ZJ-KARL LAGERFELD DENIM
1106;30Z-RASNA
1107;1ET-LIQUORI
1108;B72-AGL
1109;ML2-JACQUEMUS
1110;10S-W6YZ
1111;18K-ULYSSE NARDIN
1112;2D5-ADIDAS STELLA MCCARTNEY
1113;825-SEE BY CHLOE'
1114;LG3-PALM ANGELS
1115;11K-COOK AND SHARE
1116;2Y3-GOLDBERGH
1117;LZ3-CLARKS
1118;2CY-JW PEI
1119;2XY-ENTRE AMIS
1120;7H1-MICHAEL KORS
1121;N67-MSGM
1122;1UV-MOON BOOT
1123;2F1-ASSOULINE
1124;CA2-KERING
1125;1G1-MARNI
1126;2ES-FILLES D'EVA
1127;312-ASPESI
1128;2HH-ANOTHER ASPECT
1129;450-CHICCO
1130;10V-TEA AND COFFEE
1131;2PH-ELIE SAAB
1132;2BN-LAVI COUTURE
1133;1WW-DSQUARED2
1134;2BU-FACON JACMIN
1135;1J1-JONAK
1136;800-DIOR
1137;CN4-CALVIN KLEIN PERFORMANCE
1138;LG1-DRIES VAN NOTEN
1139;F07-MAJE
1140;2S1-LAURA BARESI
1141;2I4-DESIGUAL
1142;L59-120 % LINO
1143;2QH-ADESSO BEAUTY
1144;1H6-OAS
1145;H27-PEAK PERFORMANCE
1146;25O-120% LINO
1147;833-SHISEIDO
1148;1NI-PARABOOT
1149;DY8-OFFICINE CREATIVE
1150;1QR-THE ANTIPODE
1151;1JU-FLOWER MOUNTAIN
1152;B20-KENZO
1153;1XY-PALM ANGELS
1154;2Q6-SARAH CHAPMAN
1155;P25-WILL BE PREMIATA
1156;ND7-BIRKENSTOCK
1157;F14-LOVE STORIES
1158;F32-ACNE
1159;2VD-KIMA
1160;1KL-RUN OF
1161;1GE-HOLZWEILER
1162;2PW-CHRISTIAN LOUBOUTIN
1163;1K8-SKINY
1164;2MY-ON RUNNING PERFORMANCE
1165;A14-DOLCE & GABBANA
1166;2R5-PALERMO CALCIO
1167;897-TUMI
1168;911-ADIDAS
1169;CC4-OROBLU
1170;1ZV-CAMICETTA SNOB
1171;161-MARC JACOBS
1172;2MG-PIACENZA CASHMERE
1173;NB9-EVELYNE AYMON
1174;DX9-HARRIS WHARF LONDON
1175;2OW-CARTIER
1176;34N-NIP
1177;2N9-BLUEMARINE
1178;2PN-COMME DES GARÇONS
1179;1ZW-MACH & MACH
1180;145-TRIUMPH
1181;CH8-FORTE_FORTE
1182;2RL-CATARZI 1910
1183;A16-VALENTINO
1184;2WQ-TRUE TRIBE
1185;649-TOD'S
1186;2UE-NINALEUCA
1187;6P0-MARNI
1188;224-ACCESSORI TESSILI BRAND
1189;1D4-ARRELS
1190;M36-ZIMMERLI
1191;HG7-PREMIATA
1192;2QL-PAULA'S CHOICE
1193;2XS-JAGGY
1194;2TP-CHRISTIAN LOUBOUTIN
1195;HE8-OFFICINE CREATIVE
1196;348-MARNI
1197;2Y8-RH+
1198;2RV-SUPER DUPER
1199;1NO-ADIDAS
1200;1T1-SANTA MARIA NOVELLA
1201;2IM-HEVÒ
1202;871-LAB
1203;2O3-DIESEL
1204;M86-MOSCHINO
1205;2RR-LEPO LAB
1206;17L-FLOYD
1207;1D5-VERSACE
1208;2I9-DRIES VAN NOTEN
1209;CM1-EMPORIO ARMANI
1210;419-TOMMY HILFIGER
1211;C93-ERES
1212;11L-TEA AND COFFEE DESIGN
1213;DR5-MARIA BLACK
1214;2QR-AMIKA
1215;17J-SURPLUS
1216;33Z-FLOWER MOUNTAIN
1217;173-WOOLRICH
1218;631-CALVIN KLEIN JEANS
1219;P64-SUPERGA
1220;309-CC COLLECTION
1221;27O-SUNSPEL
1222;16W-OFF-WHITE
1223;X30-VALMONT
1224;LU5-AX ACCESSORI
1225;2KE-MAYA MILANO JEWELLERY
1226;M37-HELLY HANSEN
1227;C17-TRIUMPH
1228;25D-AXEL ARIGATO
1229;2MU-GIULIA TAMBURINI
1230;MF8-SOREL
1231;2JG-KAVU
1232;280-BULGARI
1233;2UT-RE HASH
1234;2CW-ATELIER MOLAYEM
1235;BV2-PINKO
1236;EG2-MARIO PORTOLANO
1237;L47-GRAN SASSO
1238;2G5-OUR LEGACY
1239;16N-OFF-WHITE
1240;2WG-ELIOS
1241;929-SUN68
1242;1Q1-REISS
1243;2J9-TOVE
1244;36S-MEWE
1245;402-GUGLIELMINOTTI
1246;C97-ERES
1247;837-LA PRAIRIE
1248;H95-CANADA GOOSE
1249;2DK-AVAVAV
1250;2J1-N_01 DANIELE FIESOLI
1251;2U0-D1 MILANO
1252;H44-SPEEDO
1253;1YG-GCDS
1254;14U-FURNITURE
1255;A23-STELLA MCCARTNEY
1256;2J3-CRUNA
1257;2Y7-ROSSIGNOL
1258;1QM-BOHONOMAD
1259;1MH-MARGIELA
1260;34M-BEWANTS
1261;1AN-KASSL EDITIONS
1262;830-LANCOME
1263;938-POLO RALPH LAUREN
1264;1X6-SAUCONY
1265;BM9-ETOILE ISABEL MARANT
1266;497-DOLCE & GABBANA
1267;2H0-GUMMY
1268;1YI-VERSACE JEANS COUTURE
1269;2QT-ESPRESSOH
1270;2RN-GREVI
1271;1QY-LE CORTINA ANDREA VENTURA
1272;1XS-TOMMY HILFIGER
1273;19G-HAIRCARE
1274;28H-WEEK END BY MAX MARA
1275;1NR-COLORS OF CALIFORNIA
1276;1GF-BALMAIN
1277;37R-KNEKKI
1278;1T7-GIABORGHINI
1279;2UQ-SEVENTY+MOCHI
1280;331-Y-3
1281;19F-NONAME
1282;CV7-STAUD
1283;2SX-GIORGIO ARMANI
1284;1I9-GRAMICCI
1285;1C3-BLACK SUEDE
1286;1WT-ADD
1287;1Y9-MERRELL
1288;2KJ-POLO RALPH LAUREN
1289;CL5-EMPORIO ARMANI
1290;2HE-DSG
1291;340-MAGLIERIA
1292;29F-JUICY COUTURE
1293;CG7-SONORA
1294;2KK-ARMANI
1295;2KQ-FALKE
1296;638-LEVI'S
1297;1HG-CRIDA
1298;803-DOLCE & GABBANA
1299;261-ALEXANDER WANG
1300;LR5-STURLINI
1301;22G-GITTO GARDEN
1302;37Q-I LOVE RICCIO
1303;29Y-KASHURA
1304;L07-FERRAGAMO
1305;H43-SUNDEK
1306;1ZJ-FUNKY
1307;2PZ-FILORGA
1308;F54-PAIGE
1309;EJ1-BURBERRY
1310;2JU-NEW BALANCE OUTDOOR
1311;31E-SUN BUM
1312;N16-NANAN
1313;893-BARBOUR
1314;E74-PALOMA BARCELO
1315;28E-GARMENT WORKSHOP
1316;27V-DIABOLIK
1317;36K-CALVIN KLEIN
1318;1X0-ASICS
1319;2YH-CORDOVA
1320;M43-COMME DES GARÇONS
1321;1Y6-SALOMON LIFESTYLE
1322;MH9-REPLAY
1323;R05-RICHARD GINORI
1324;1UM-JUNK PLASTIC REHAB
1325;MK7-SUICOKE
1326;4L4-IN THE BOX
1327;2TT-KARL LAGERFELD DENIM
1328;154-HANRO
1329;2S0-MANTAS EZCARAY
1330;23D-DON THE FULLER
1331;2I5-POKEMON
1332;P53-MARCELO BURLON
1333;1LE-OLOW
1334;921-PHOTO
1335;1TV-EVISU
1336;811-GUERLAIN
1337;1HY-CHIARA FERRAGNI
1338;A02-KENZO
1339;HP3-BIRKENSTOCK
1340;2XP-FRED MELLO
1341;DR2-LIU JO SPORT
1342;2CS-AMI
1343;1RN-CK UNDERWEAR KIDS
1344;2JK-LION OF PORCHES
1345;1ZS-RECC
1346;510-XACUS
1347;1NE-VEJA
1348;1CO-BOND-EYE AUSTRALIA
1349;LU8-ALESSANDRO GHERARDI
1350;2VH-X-BIONIC
1351;B84-BALENCIAGA
1352;F40-DRIES VAN NOTEN
1353;1V6-PINKO
1354;EC6-LANVIN
1355;DM2-LACOSTE
1356;2HI-ARTE
1357;C27-FALKE
1358;1CK-MATINEE
1359;818-BURBERRY
1360;349-POLO RALPH LAUREN
1361;28D-GALLO
1362;CH7-KURT GEIGER
1363;2OL-SWATI COSMETICS
1364;FB2-WANDLER
1365;313-HARMONT & BLAINE
1366;1Y1-VERSACE
1367;X38-AESOP
1368;DD2-ISABEL MARANT
1369;2JR-DENHAM
1370;1XU-AMIRI
1371;901-PIQUADRO
1372;FG5-VISONA'
1373;2WT-COMMAS
1374;AQ2-CHIE MIHARA
1375;1R8-PLAN C
1376;2W4-RALPH LAUREN
1377;2Y6-NEWLAND
1378;C21-CHANTELLE
1379;1YL-VEJA
1380;2Y4-COLMAR
1381;219-LEVI'S
1382;2P5-FERRAGAMO
1383;630-GIVENCHY
1384;1LM-ON RUNNING
1385;EF5-COLORFUL STANDARD
1386;2MP-MARCO RAMBALDI
1387;2ER-MARCO RAMBALDI
1388;27R-ALESSIA ZAMATTIO
1389;1LW-VERSACE
1390;16P-ETOILE ISABEL MARANT
1391;24T-ON RUNNING
1392;1Y4-ADIDAS OUTDOOR
1393;34P-GUESS JEANS
1394;836-SISLEY
1395;318-LACOSTE
1396;2DO-ANCUTA SARCA
1397;1P9-MELISSA
1398;MG4-DONDUP
1399;Q46-PINEIDER 1774
1400;2FH-MOSSO
1401;D05-HIBOURAMA
1402;HF7-PAUL SMITH
1403;087-MARCIANO BY GUESS
1404;MZ9-YESIAM
1405;2CT-POLO RALPH LAUREN
1406;2AS-AELIA ANNA
1407;AL3-HOGAN
1408;HF3-BUTTERO
1409;38D-OFFICINE GENERALE
1410;2BI-PEARL & CAVIAR
1411;MJ1-RE HASH
1412;11M-ALESSI
1413;2V3-GUERLAIN L'ART & LA MATIERE
1414;2U2-BIASIA
1415;P81-EMU
1416;LF2-HARRIS WHARF LONDON
1417;G27-MAMAN ET SOPHIE
1418;806-PEUTEREY
1419;2OE-LORENZONI
1420;2FY-LOEWE
1421;X28-ATELIER ZEITGEIST
1422;2JE-LE VOLIERE
1423;M85-DEKKER
1424;2BR-MADE FOR WOMAN
1425;2X9-TORY BURCH
1426;19E-SPRWMN
1427;M26-ACCESSORI PELLE PRIVATE
1428;1PY-PAIGE
1429;1PW-LORO PIANA
1430;1RH-ADIDAS PADEL
1431;B31-ALEXANDER WANG
1432;18L-ZENITH
1433;2NQ-FUNKY
1434;12Q-BLUNDSTONE
1435;M48-ORIAN
1436;BI3-ROSSO 35
1437;36M-NUAGEMMA
1438;21Z-CHANTELLEX
1439;LU6-CK JEANS
1440;624-MOU
1441;DG2-DIESEL
1442;707-SAMBONET
1443;4M8-NANUSHKA
1444;2Z4-PARAVEL
1445;2HF-THEMOIRÈ
1446;1XJ-ROA
1447;1MP-FALKE
1448;2UO-JEANERICA
1449;352-BRUNELLO CUCINELLI
1450;M12-CK
1451;L80-ALTEMFLOWER
1452;16O-ISABEL MARANT
1453;336-VALENTINO
1454;N46-TOMMY ACCESSORIES
1455;496-DIESEL
1456;2RK-LE BONNET
1457;C53-CLOSED
1458;C04-FISICO
1459;11J-COOKING PREPARATION
1460;22J-SAMSOE SAMSOE
1461;2Y2-GIANNI CHIARINI
1462;2RP-ZERO15
1463;434-SANDRO
1464;2IH-ANTONELLI FIRENZE
1465;2E0-FESTA
1466;468-STELLA MCCARTNEY
1467;DP3-DIOR
1468;2FN-ENTERPRISE JAPAN
1469;2Q0-DERMALOGICA
1470;17T-MONNALISA
1471;098-MARTIN MARGIELA 6
1472;MH5-BLAUER
1473;FB4-LOVE STORIES
1474;BY6-DOLCE & GABBANA
1475;C48-DONDUP
1476;400-ARMANI
1477;2MF-STEWART
1478;613-MICHAEL BY MICHAEL KORS
1479;EE3-GCDS
1480;2K3-LA SPORTIVA
1481;183-FURLA
1482;1N1-PUMA
1483;27E-PURAAI
1484;33T-GAST
1485;244-CELINE
1486;464-STONE ISLAND
1487;2JT-CARE LABEL
1488;2Q1-NATURA BISSÉ
1489;B95-GALLO
1490;801-ESTEE LAUDER
1491;H52-MC2 ST. BARTH
1492;166-NINA RICCI
1493;DR1-VERSACE JEANS COUTURE
1494;21U-IVY OAK
1495;246-Lr  ACCESSORI TESSILI/VARIE
1496;MG3-JACOB COHEN
1497;213-STELLA MCCARTNEY
1498;2XD-DAF
1499;1UG-TEDDY & MINOU
1500;BG9-CHLOÉ
1501;1R7-SANDRO
1502;BR8-3X1
1503;8H7-MAISON KITSUNE
1504;430-POLO RALPH LAUREN
1505;2X0-MOMONI
1506;A20-FENDI
1507;1P0-GUESS ORIGINAL
1508;15Q-CASADEI
1509;27W-AZ FACTORY
1510;24Z-AEYDE
1511;2Q3-LEONOR GREYL
1512;1HK-FLORICOLTURA LOI
1513;5H4-SEALUP
1514;2X5-UNDRESS CODE
1515;2W2-OUR LEGACY
1516;27S-AVEDA
1517;2Z0-DUVETICA
1518;2GU-CANESSA
1519;2BK-ZEN ETHIC
1520;451-PETIT BATEAU
1521;CS8-ALICE BOW
1522;1W1-BARBOUR INTERNATIONAL
1523;LP4-GEOX
1524;X33-GHD
1525;LD1-MANUEL RITZ
1526;BY5-GUCCI
1527;2OT-KILIAN PARIS
1528;1WN-JACQUEMUS
1529;1X2-DATE
1530;20G-PENHALIGON'S
1531;1YV-VISION OF SUPER
1532;561-ORCIANI
1533;2YX-BARBERINO¿S
1534;2V2-COCCINELLE
1535;2VR-VINCE
1536;L89-KENZO
1537;HD7-LACOSTE
1538;B54-KENZO
1539;2MX-CDG ASICS
1540;FB0-ETUDES
1541;CQ3-PATRIZIA PEPE
1542;25P-SCARLETTE
1543;DV5-RABANNE
1544;663-DIESEL JEANS
1545;AV5-CASTANER
1546;2MK-KSUBI
1547;B38-ACNE
1548;8H0-FABI
1549;2GT-LUDOVIC DE SAINT SERNIN
1550;2ML-LEMAIRE
1551;20H-L'ARTISAN PARFUMEUR
1552;2GH-DAILY PAPER
1553;2DZ-ROBERTO FESTA
1554;EI7-CANADIAN
1555;21K-EAST HARBOUR
1556;220-TOMMY JEANS
1557;HL9-LANVIN
1558;26U-CDG NIKE
1559;22S-POSTER GIRL
1560;1JS-MCS
1561;130-EMPORIO ARMANI
1562;1NS-ALOHAS
1563;2O4-Y/PROJECT
1564;387-MONCLER
1565;1XD-ADIDAS
1566;1P7-ONITSUKA TIGER
1567;17K-TRAVEL OUTDOOR
1568;LV4-ANCIENT GREEK SANDALS
1569;378-BARBA
1570;FD8-FEDERICA TOSI
1571;1R6-CASABLANCA
1572;HB6-FERRANTE
1573;1ZT-PRADA
1574;272-TOD'S
1575;2MN-MAGLIANO
1576;1Z5-DIEGO DALLA PALMA
1577;A21-MSGM
1578;2K7-STANCE
1579;1NN-NIKE
1580;28I-MAX MARA STUDIO
1581;Q50-FREITAG
1582;A28-MARNI
1583;370-MOSCHINO
1584;CN6-JACQUEMUS
1585;2WF-MESAUDA
1586;CN5-BALLY
1587;19H-K-BEAUTY
1588;1D1-DRUMOHR
1589;2EY-REEBOK NGG
1590;EF3-CARMENS
1591;HM3-DOUCAL'S
1592;C70-FIORENTINI & BAKER
1593;LB9-PEOPLE OF SHIBUYA
1594;L75-MASON'S
1595;1UZ-VERSACE
1596;2T3-UNDRESSCODE
1597;2DJ-DHRUV KAPOOR
1598;1OO-PAUL SMITH
1599;1QE-MILLE885
1600;1CR-ELENA BRACCINI
1601;2WW-MAUNA KEA
1602;31F-LUCE
1603;LP1-KANGRA CASHMERE
1604;2PS-SERGE LUTENS
1605;A12-CHLOÉ
1606;1IK-PROENZA SCHOULER WHITE LABEL
1607;868-POLO RALPH LAUREN
1608;2YN-ETRO
1609;24O-VELASCA
1610;935-STATIONERY
1611;1GS-BLUMARINE
1612;2JN-ANERKJENDT
1613;2TI-VERSACE
1614;2T2-KITON
1615;1NT-P448
1616;1XV-P448
1617;NG9-DIESEL
1618;MS2-DICKIES
1619;M65-CARHARTT
1620;FI5-THE MOIRE 
1621;2GK-ROA
1622;25N-BA&SH
1623;979-LOVE MOSCHINO
1624;2CF-DIESEL
1625;574-MICHAEL BY MICHAEL KORS
1626;Q42-S.T. DUPONT
1627;2WZ-FRANKIES BIKINI
1628;2MI-HELIOT EMIL
1629;2IR-YES I AM
1630;1H0-PAUL & SHARK
1631;2T7-AVENTIQUATTRORE
1632;21M-MARC O'POLO
1633;2R3-GIOVANNI VENTURA
1634;DE0-RAFFAELLA D'ANGELO
1635;2PX-DR. HAUSCHKA
1636;BF8-COACH
1637;35K-ANTICA SARTORIA POSITANO
1638;DV3-THE NORTH FACE
1639;12K-JW ANDERSON
1640;1LX-AMIRI
1641;1B6-PALM ANGELS
1642;2DS-HINNOMINATE
1643;2GI-Y/PROJECT
1644;2JF-BOGNER FIRE & ICE
1645;1JK-A. BOCCA
1646;24U-DIESEL
1647;M32-GALLO
1648;2AW-SHARAY
1649;2NH-CDG WALLET
1650;18I-TAG HEUER
1651;2XU-PEARL & CAVIAR
1652;AU3-GOLDEN GOOSE
1653;22I-NENETTE
1654;E37-LOEWE
1655;2GG-PIFERI
1656;2ZG-BENEDETTA BOROLI
1657;HM5-TIMBERLAND
1658;18F-SALVINI
1659;2EV-THE ARCHIVIA
1660;A17-CAOVILLA
1661;29M-HUBLOT
1662;2JM-FAT MOOSE
1663;MA1-EMPORIO ARMANI
1664;6Q9-FARAH
1665;27Q-MY STYLE HOME
1666;2W9-MAX&CO
1667;1J6-SEAY
1668;NN8-MOLO
1669;N33-MC2 ST. BARTH
1670;2K0-DONSJE
1671;413-PEROFIL
1672;ND5-FILOBIO
1673;947-RIMOWA
1674;2SE-MONZA GP
1675;22P-SUOLI
1676;E87-BANANA MOON
1677;CB8-VALEXTRA
1678;2N3-ATHLETICS
1679;25I-FLABELUS
1680;17O-FRAMES
1681;BV9-JW ANDERSON
1682;2OG-BIGOODINO
1683;2XN-NEED BY
1684;2AI-FILLES A PAPA
1685;2LR-LESLEY
1686;080-PINKO
1687;2QP-OUAI
1688;386-DSQUARED2
1689;2Z9-BARBOUR
1690;814-FRAGRANCE BAR
1691;1LN-RAB
1692;L93-DRUMOHR
1693;2X7-JACQUEMUS
1694;1M7-JW ANDERSON
1695;19D-PAPUSSE
1696;HA6-BARENA
1697;13P-SEVENTY
1698;HP9-BLUNDSTONE
1699;2NP-GUEST IN RESIDENCE
1700;643-UNDER ARMOUR
1701;M62-KENZO
1702;LE4-SEBAGO
1703;1W5-MARTINEZ
1704;GZ6-NODALETO
1705;28W-DANIELE FIESOLI
1706;1WQ-PHILIPP PLEIN
1707;34G-VAN CLEEF & ARPELS
1708;2KH-MAM
1709;1FV-GERARD DAREL
1710;324-MISSONI
1711;1ND-TIMBERLAND
1712;ME4-PAOLONI
1713;HL2-MARNI
1714;4M9-JW ANDERSON
1715;B65-WRANGLER
1716;199-YVES SAINT LAURENT
1717;14I-AMISH
1718;M44-BARTS
1719;1HW-PALM ANGELS
1720;18E-AQUAZZURA
1721;650-HOGAN
1722;338-ERMENEGILDO ZEGNA
1723;2PD-CAROLINA HERRERA
1724;2ZW-GUESS JEANS
1725;X05-BAR A PARFUMS
1726;28Q-GIVENCHY
1727;2V5-24.7 STUDIO
1728;16Z-CAMPER
1729;2FW-LOEWE
1730;22D-DESMOND&DEMPSEY
1731;1LV-HINNOMINATE
1732;304-BAGUTTA
1733;AC3-CALVIN KLEIN
1734;2PQ-MONTBLANC
1735;20M-BOSS ORANGE
1736;DZ6-BY FAR
1737;2R2-MEN & GROOMING
1738;2OD-WINDSOR
1739;DS5-BOYISH
1740;2E3-VELANCHE
1741;2ZE-PALM ANGELS
1742;DJ0-NAPAPIJRI
1743;1TZ-VALENTINA FERRAGNI STUDIO
1744;AG9-FABIANA FILIPPI
1745;5H8-NOVE25
1746;24S-WANDLER
1747;DK4-GCDS
1748;2LZ-K-WAY SCI
1749;FL8-SUNDEK
1750;831-CLINIQUE
1751;EC8-DOUCAL'S
1752;1NG-KURT GEIGER
1753;L42-MAZZARELLI
1754;F43-SAVE THE DUCK
1755;532-FENDI
1756;P62-DR MARTENS
1757;FD6-HUNZA G
1758;LA4-MICHAEL KORS 
1759;2VO-VICTORY GATE
1760;2JX-PERFECT MOMENT
1761;2BG-GOODMATCH
1762;146-WOLFORD
1763;14V-VASES
1764;30Y-CHIMI
1765;Q62-MY STYLE BAGS
1766;2F3-44 LABEL
1767;1QZ-DES PHEMMES
1768;HS1-CROCKETT & JONES
1769;1EX-VINI ROSSI
1770;AG3-GEDEBE
1771;1YS-CONVERSE
1772;2VG-PINK MEMORIES
1773;1MW-DATE
1774;MH8-ROY ROGER'S
1775;834-CLARINS
1776;A41-EMME MARELLA
1777;421-PEPE JEANS
1778;N61-DSQUARED2
1779;963-TOD'S
1780;P11-HERNO
1781;2PM-VERSACE
1782;512-JECKERSON
1783;1DX-CARTIER
1784;405-DOLCE & GABBANA
1785;CM5-CANADA GOOSE
1786;2BM-CHLOÉ STORA
1787;2QJ-GOFU
1788;B53-HERNO
1789;1DO-DISCLAIMER
1790;832-COLLISTAR
1791;10X-TABLE CUTLERY
1792;31W-LNDV
1793;25J-SALOMON LIFESTYLE
1794;2XH-STUDIO SARTA
1795;1R9-AERON
1796;C02-ERMANNO SCERVINO
1797;18Z-SUMMER MODE
1798;2QW-LE MINI MACARON
1799;2I7-BRIKO
1800;2TF-TEX WILLER
1801;896-SAMSONITE
1802;CA8-CK JEANS
1803;D72-SUPER
1804;23R-ELMER GLOVES
1805;078-OOF
1806;12Y-BARTS
1807;1QU-LOLLI G
1808;36T-ISAMAYA
1809;2BD-FAITHFULL THE BRAND
1810;27G-CAGLIARI CALCIO
1811;462-GCDS
1812;EA3-ATP ATELIER
1813;2NY-KURT GEIGER
1814;1I5-YVES SAINT LAURENT
1815;Q10-FABBRICA PELLETTERIE MILANO
1816;DW8-GIUSEPPE DI MORABITO
1817;37F-AVGVST
1818;810-YVES SAINT LAURENT
1819;LQ3-PLAY
1820;1NF-SAUCONY
1821;ML3-HERON PRESTON
1822;2S6-VIVIENNE WESTWOOD
1823;029-SARAH PACINI
1824;1DQ-MILK_SHAKE
1825;26L-EYTYS
1826;F57-VERSACE JEANS COUTURE
1827;1YQ-MOSCHINO COUTURE
1828;334-TRUSSARDI JEANS
1829;FM1-LIDEA
1830;1I3-PRADA
1831;33U-ANNI LU
1832;2F8-ADIDAS X WALES BONNER
1833;2SM-TEX WILLER
1834;653-GUCCI
1835;4M2-LANEUS
1836;889-JIMMY CHOO
1837;36W-LAG WORLD
1838;898-TRAVEL ACCESSORIES
1839;2AN-BIRKENSTOCK 1774
1840;2S5-ROBERTO COLLINA
1841;2RT-MAZZANTI
1842;609-CHICCO
1843;2WP-BRAVA
1844;1LU-E9
1845;1SM-RAINS
1846;17Y-MAUBOUSSIN
1847;HP0-OFF-WHITE
1848;1YJ-AXEL ARIGATO
1849;238-BORBONESE
1850;2OZ-JEAN PAUL GAULTIER
1851;HM2-MARTIN MARGIELA
1852;1XP-SALOMON
1853;1EW-VINI ROSATI
1854;1IM-CECILIE BAHNSEN
1855;2U6-RITUALS
1856;23T-MOON BOOT
1857;660-SKINCARE
1858;2JO-COLORWEAR
1859;2NV-ETRO
1860;BX2-CHIARA FERRAGNI COLLECTION
1861;2V1-JUICY COUTURE
1862;BY7-ALEXANDER MCQUEEN
1863;25X-SUNNEI
1864;2UU-KSENIA SCHNAIDER
1865;3L4-MISBHV
1866;1T3-HAUS OF HONEY
1867;1H3-QUIKSILVER
1868;198-BALENCIAGA
1869;MM5-SCAGLIONE
1870;2OS-KIEHL'S
1871;2KV-STANCE
1872;2GN-MONZA CALCIO
1873;2IU-LE17SEPTEMBRE
1874;1P5-GREEK ARCHAIC KORI
1875;2PT-AUSTRALIAN GOLD
1876;892-EASTPAK
1877;2VP-GIULIA DOMINICI
1878;X37-BEAUTYAHOLIC'S
1879;2BF-ELLEBLUE
1880;C19-EMPORIO ARMANI
1881;2Q8-CELLCOSMET
1882;DZ7-RAIN ACCESSORIES
1883;NQ5-GOLDEN GOOSE
1884;16R-SPRAYGROUND
1885;29E-DICKIES
1886;2K4-HOKA
1887;2VT-COLLEGE
1888;P72-UGG
1889;2OI-INUWET
1890;2G3-CABORCA
1891;Q21-FJALLRAVEN
1892;857-ADIDAS UOMO
1893;CD1-4GIVENESS
1894;LQ6-ACNE STUDIOS
1895;30P-NINA REY
1896;17S-MARCO RAMBALDI
1897;2Y0-SECRID
1898;2KT-DRUMOHR
1899;651-SERGIO ROSSI
1900;24L-LIL MILAN
1901;N56-NATURINO
1902;M13-POLO RALPH LAUREN
1903;1PZ-MAISON GIOIELLI FIRENZE
1904;19I-NAILS
1905;641-REFRIGIWEAR
1906;B47-PROENZA SCHOULER
1907;2S8-ERMENEGILDO ZEGNA
1908;1N6-DR MARTENS
1909;2BE-BENARAS
1910;1PF-BARROW
1911;8G0-DSQUARED2
1912;1YF-TIMBERLAND OUTDOOR
1913;M09-TOMMY HILFIGER 
1914;2HY-MY BEST BAG
1915;1KG-CHIARA FERRAGNI
1916;NP3-HAPPY SOCKS
1917;28J-'S MAXMARA
1918;C06-GUESS
1919;M31-K-WAY
1920;20O-COTOPAXI
1921;2N6-CALZE
1922;C89-ES' GIVIEN
1923;616-GUESS
1924;521-NORTH SAILS
1925;4M4-CASABLANCA
1926;1X1-POLO RALPH LAUREN
1927;2TK-HAVAIANAS
1928;H46-C.K.
1929;GZ2-LE SILLA
1930;2XJ-COREVA
1931;065-COMPTOIR DES COTONNIERS
1932;1N0-GANT
1933;ML1-MACKINTOSH
1934;2XO-DON THE FULLER
1935;2A7-STUART WEITZMAN
1936;2JW-KAPPA SKI
1937;11D-GLASSWARE
1938;1BV-BROOKSFIELD
1939;503-TOMMY
1940;22T-PLEIN SPORT
1941;10E-HTC
1942;2XW-ARRON
1943;34W-DERMARSSANCE
1944;R04-VILLEROY & BOCH
1945;2XF-IDENTITY
1946;DY0-JW ANDERSON
1947;2RE-PAUL SMITH
1948;2AK-MEDEA
1949;2X6-BOHODOT
1950;2YO-ABSOLOGY
1951;2KM-SOZZI
1952;190-MOSCHINO
1953;2WO-TOOCO
1954;1MR-KAPPA X BEFANCYFIT
1955;275-DODO
1956;BZ4-GIANNI CHIARINI FIRENZE
1957;1B3-BARROW
1958;2R8-INOUI EDITIONS
1959;2MW-WALES BONNER X ADIDAS
1960;2M4-BONSAI
1961;Q53-MORE
1962;A74-MISS BIKINI
1963;321-GUCCI
1964;DJ6-ALEVÌ
1965;1YW-HERSCHEL
1966;2WS-BARTS
